subID,partnerID,dyad,bin_num,gap_length_mean_1,gap_length_median_1,connection_1,num_turns_1,gap_length_mean_2,gap_length_median_2,connection_2,num_turns_2,gap_length_mean_3,gap_length_median_3,connection_3,num_turns_3,gap_length_mean_4,gap_length_median_4,connection_4,num_turns_4,gap_length_mean_5,gap_length_median_5,connection_5,num_turns_5,gap_length_mean_6,gap_length_median_6,connection_6,num_turns_6,gap_length_mean_10,gap_length_median_10,connection_10,num_turns_10,gap_length_mean_12,gap_length_median_12,connection_12,num_turns_12,gap_length_mean_15,gap_length_median_15,connection_15,num_turns_15,gap_length_mean_20,gap_length_median_20,connection_20,num_turns_20,gap_length_mean_24,gap_length_median_24,connection_24,num_turns_24,gap_length_mean_30,gap_length_median_30,connection_30,num_turns_30,gap_length_mean_40,gap_length_median_40,connection_40,num_turns_40,gap_length_mean_60,gap_length_median_60,connection_60,num_turns_60,gap_length_mean_120,gap_length_median_120,connection_120,num_turns_120
1,11,1_11,0.0,263.23555555555555,293.0,57.08983333333333,225.0,322.140350877193,303.0,58.141333333333336,114.0,329.28205128205127,298.5,55.119,78.0,344.2142857142857,298.5,55.97866666666667,56.0,333.9019607843137,302.0,48.13333333333333,51.0,351.4347826086956,303.5,48.545,46.0,328.96,302.0,57.06333333333333,25.0,326.8636363636364,276.5,55.476,22.0,248.1,226.0,53.4025,20.0,214.1,174.0,50.9,10.0,148.0,91.5,49.908,8.0,204.0,91.5,53.08,6.0,237.6,147.0,50.0,5.0,220.75,82.5,50.0,4.0,73.5,73.5,50.0,2.0
11,1,1_11,0.0,263.23555555555555,293.0,78.3055,225.0,322.140350877193,303.0,66.31566666666667,114.0,329.28205128205127,298.5,58.184,78.0,344.2142857142857,298.5,52.84733333333333,56.0,333.9019607843137,302.0,50.5075,51.0,351.4347826086956,303.5,48.881,46.0,328.96,302.0,45.4,25.0,326.8636363636364,276.5,43.686,22.0,248.1,226.0,41.8525,20.0,214.1,174.0,38.803333333333335,10.0,148.0,91.5,36.364,8.0,204.0,91.5,32.705,6.0,237.6,147.0,26.606666666666666,5.0,220.75,82.5,14.7,4.0,73.5,73.5,13.0,2.0
1,11,1_11,1.0,,,,,202.73873873873873,267.0,56.038333333333334,111.0,184.48611111111111,268.5,54.289,72.0,300.82758620689657,310.5,60.304,58.0,271.5365853658537,253.0,66.1675,41.0,297.4375,284.0,61.693,32.0,338.65384615384613,306.5,39.20333333333333,26.0,373.9583333333333,314.5,41.614,24.0,511.47058823529414,358.0,54.4575,17.0,405.53333333333336,311.0,63.22666666666667,15.0,429.07142857142856,329.0,61.044,14.0,267.0,276.5,53.725,14.0,190.6,201.0,51.8,5.0,170.5,170.5,56.16,2.0,368.0,368.0,50.0,2.0
11,1,1_11,1.0,,,,,202.73873873873873,267.0,90.29533333333333,111.0,184.48611111111111,268.5,85.7325,72.0,300.82758620689657,310.5,79.784,58.0,271.5365853658537,253.0,73.28166666666667,41.0,297.4375,284.0,67.487,32.0,338.65384615384613,306.5,55.615,26.0,373.9583333333333,314.5,54.076,24.0,511.47058823529414,358.0,53.2475,17.0,405.53333333333336,311.0,51.99666666666667,15.0,429.07142857142856,329.0,51.008,14.0,267.0,276.5,51.0,14.0,190.6,201.0,51.0,5.0,170.5,170.5,50.71,2.0,368.0,368.0,16.4,2.0
1,11,1_11,2.0,,,,,,,,,270.14666666666665,302.0,61.8615,75.0,71.93548387096774,171.0,41.312666666666665,62.0,277.27906976744185,317.0,60.815,43.0,306.6666666666667,310.5,64.186,36.0,261.85714285714283,230.0,79.10333333333334,21.0,311.0,197.0,70.846,10.0,240.85714285714286,187.0,36.54,14.0,411.6666666666667,358.0,38.69,15.0,388.8181818181818,318.0,55.996,11.0,652.4,356.0,64.385,5.0,282.1,276.5,61.45333333333333,10.0,229.25,328.5,46.54,4.0,305.0,305.0,50.0,1.0
11,1,1_11,2.0,,,,,,,,,270.14666666666665,302.0,91.0,75.0,71.93548387096774,171.0,89.59066666666666,62.0,277.27906976744185,317.0,85.75583333333333,43.0,306.6666666666667,310.5,82.579,36.0,261.85714285714283,230.0,67.49,21.0,311.0,197.0,60.78,10.0,240.85714285714286,187.0,56.4225,14.0,411.6666666666667,358.0,54.0,15.0,388.8181818181818,318.0,53.988,11.0,652.4,356.0,52.495,5.0,282.1,276.5,51.0,10.0,229.25,328.5,51.0,4.0,305.0,305.0,50.42,1.0
1,11,1_11,3.0,,,,,,,,,,,,,368.2448979591837,375.0,70.764,49.0,128.58333333333334,179.5,39.7375,48.0,62.30555555555556,253.5,44.392,36.0,281.7,310.0,53.23166666666667,20.0,291.27272727272725,310.5,52.54,22.0,303.15384615384613,242.0,86.3025,13.0,239.0909090909091,210.0,39.71666666666667,11.0,361.38461538461536,295.0,27.232,13.0,452.75,381.0,44.53,12.0,652.4,356.0,65.0,5.0,282.1,276.5,60.91,10.0,36.0,36.0,62.32,1.0
11,1,1_11,3.0,,,,,,,,,,,,,368.2448979591837,375.0,91.0,49.0,128.58333333333334,179.5,90.9825,48.0,62.30555555555556,253.5,88.886,36.0,281.7,310.0,79.07333333333334,20.0,291.27272727272725,310.5,74.194,22.0,303.15384615384613,242.0,64.735,13.0,239.0909090909091,210.0,57.23,11.0,361.38461538461536,295.0,54.164,13.0,452.75,381.0,54.0,12.0,652.4,356.0,52.99333333333333,5.0,282.1,276.5,51.0,10.0,36.0,36.0,51.0,1.0
1,11,1_11,4.0,,,,,,,,,,,,,,,,,308.8333333333333,354.0,70.59583333333333,42.0,200.3421052631579,182.0,53.408,38.0,389.1818181818182,351.5,62.105,22.0,206.35294117647058,182.0,68.846,17.0,336.7142857142857,336.5,44.8925,14.0,449.4,230.0,87.36,5.0,169.16666666666666,158.0,52.26,6.0,278.77777777777777,210.0,27.005,9.0,405.5,361.0,49.99333333333333,8.0,1114.5,1114.5,63.77,2.0,-20.0,-20.0,37.22,2.0
11,1,1_11,4.0,,,,,,,,,,,,,,,,,308.8333333333333,354.0,91.0,42.0,200.3421052631579,182.0,91.0,38.0,389.1818181818182,351.5,84.0,22.0,206.35294117647058,182.0,81.158,17.0,336.7142857142857,336.5,74.6625,14.0,449.4,230.0,62.20666666666666,5.0,169.16666666666666,158.0,59.312,6.0,278.77777777777777,210.0,54.205,9.0,405.5,361.0,54.0,8.0,1114.5,1114.5,51.02,2.0,-20.0,-20.0,51.0,2.0
1,11,1_11,5.0,,,,,,,,,,,,,,,,,,,,,341.8378378378378,363.0,70.315,37.0,160.04761904761904,270.0,59.525,21.0,396.42105263157896,329.0,59.526,19.0,177.0,147.5,67.3075,14.0,203.25,236.0,70.84666666666666,16.0,523.75,299.5,89.432,4.0,172.6,164.0,46.075,5.0,418.7142857142857,358.0,27.386666666666667,7.0,344.3333333333333,311.0,65.0,3.0,478.5,478.5,55.86,2.0
11,1,1_11,5.0,,,,,,,,,,,,,,,,,,,,,341.8378378378378,363.0,91.0,37.0,160.04761904761904,270.0,87.51166666666667,21.0,396.42105263157896,329.0,84.0,19.0,177.0,147.5,80.4475,14.0,203.25,236.0,72.77333333333333,16.0,523.75,299.5,62.248,4.0,172.6,164.0,58.64,5.0,418.7142857142857,358.0,54.0,7.0,344.3333333333333,311.0,53.97,3.0,478.5,478.5,51.0,2.0
1,11,1_11,6.0,,,,,,,,,,,,,,,,,,,,,,,,,-18.384615384615383,119.5,20.09,26.0,169.0,285.0,66.398,18.0,324.38461538461536,374.0,56.7475,13.0,539.75,369.0,34.846666666666664,8.0,225.35714285714286,267.5,74.336,14.0,250.33333333333334,230.0,83.855,3.0,294.5,227.0,27.0,6.0,370.0,318.0,57.36,7.0,461.4,559.0,60.76,5.0
11,1,1_11,6.0,,,,,,,,,,,,,,,,,,,,,,,,,-18.384615384615383,119.5,90.965,26.0,169.0,285.0,87.214,18.0,324.38461538461536,374.0,84.0,13.0,539.75,369.0,77.21666666666667,8.0,225.35714285714286,267.5,72.728,14.0,250.33333333333334,230.0,62.0,3.0,294.5,227.0,55.22,6.0,370.0,318.0,54.0,7.0,461.4,559.0,51.0,5.0
1,11,1_11,7.0,,,,,,,,,,,,,,,,,,,,,,,,,302.27272727272725,363.5,59.385,22.0,-44.388888888888886,69.5,22.386,18.0,408.14285714285717,329.0,68.785,14.0,109.66666666666667,147.5,71.61666666666666,12.0,406.625,348.5,30.744,8.0,319.0,267.5,88.75,10.0,172.6,164.0,52.43333333333333,5.0,568.6,654.0,31.7,5.0,102.8,133.0,61.06,5.0
11,1,1_11,7.0,,,,,,,,,,,,,,,,,,,,,,,,,302.27272727272725,363.5,91.0,22.0,-44.388888888888886,69.5,90.558,18.0,408.14285714285717,329.0,84.2675,14.0,109.66666666666667,147.5,80.93,12.0,406.625,348.5,75.66,8.0,319.0,267.5,67.47,10.0,172.6,164.0,59.24,5.0,568.6,654.0,54.0,5.0,102.8,133.0,51.0,5.0
1,11,1_11,8.0,,,,,,,,,,,,,,,,,,,,,,,,,176.95,177.0,82.35333333333334,20.0,85.26923076923077,139.0,35.154,26.0,124.5,253.5,56.9125,16.0,213.88888888888889,374.0,54.45333333333333,9.0,385.6666666666667,217.5,62.692,6.0,194.75,221.5,64.705,8.0,250.33333333333334,230.0,82.42666666666666,3.0,247.33333333333334,113.0,27.01,3.0,,,62.54,0.0
11,1,1_11,8.0,,,,,,,,,,,,,,,,,,,,,,,,,176.95,177.0,91.0,20.0,85.26923076923077,139.0,91.0,26.0,124.5,253.5,89.0,16.0,213.88888888888889,374.0,84.0,9.0,385.6666666666667,217.5,79.0,6.0,194.75,221.5,73.0,8.0,250.33333333333334,230.0,62.0,3.0,247.33333333333334,113.0,54.0,3.0,,,51.0,0.0
1,11,1_11,9.0,,,,,,,,,,,,,,,,,,,,,,,,,428.72727272727275,382.0,58.83833333333333,22.0,449.6666666666667,433.5,71.662,12.0,-74.53333333333333,-13.0,21.6925,15.0,510.53846153846155,329.0,69.75666666666666,13.0,108.54545454545455,113.0,75.0,11.0,526.0,369.0,25.08,6.0,748.0,748.0,92.29333333333334,2.0,294.5,227.0,27.0,6.0,1114.5,1114.5,65.0,2.0
11,1,1_11,9.0,,,,,,,,,,,,,,,,,,,,,,,,,428.72727272727275,382.0,91.0,22.0,449.6666666666667,433.5,91.0,12.0,-74.53333333333333,-13.0,90.9475,15.0,510.53846153846155,329.0,84.0,13.0,108.54545454545455,113.0,83.316,11.0,526.0,369.0,76.325,6.0,748.0,748.0,62.413333333333334,2.0,294.5,227.0,54.41,6.0,1114.5,1114.5,51.04,2.0
1,11,1_11,10.0,,,,,,,,,,,,,,,,,,,,,,,,,,,,,257.45,359.5,84.918,20.0,38.0,103.0,27.0475,23.0,164.1,314.5,69.02666666666667,10.0,245.0,339.0,47.144,8.0,385.6666666666667,217.5,61.18,6.0,200.9,267.5,78.42,10.0,518.0,518.0,26.47,2.0,361.0,361.0,65.0,2.0
11,1,1_11,10.0,,,,,,,,,,,,,,,,,,,,,,,,,,,,,257.45,359.5,91.0,20.0,38.0,103.0,91.0,23.0,164.1,314.5,86.02333333333333,10.0,245.0,339.0,84.0,8.0,385.6666666666667,217.5,79.0,6.0,200.9,267.5,72.54666666666667,10.0,518.0,518.0,57.42,2.0,361.0,361.0,53.94,2.0
1,11,1_11,11.0,,,,,,,,,,,,,,,,,,,,,,,,,,,,,441.11764705882354,389.0,55.712,17.0,641.6,600.5,70.4725,10.0,156.36363636363637,240.0,50.02333333333333,11.0,506.54545454545456,329.0,71.908,11.0,20.5,-41.0,73.435,8.0,207.16666666666666,221.5,63.27333333333333,6.0,-57.666666666666664,164.0,65.68,3.0,311.0,311.0,65.0,1.0
11,1,1_11,11.0,,,,,,,,,,,,,,,,,,,,,,,,,,,,,441.11764705882354,389.0,91.0,17.0,641.6,600.5,91.0,10.0,156.36363636363637,240.0,89.0,11.0,506.54545454545456,329.0,84.0,11.0,20.5,-41.0,81.895,8.0,207.16666666666666,221.5,73.0,6.0,-57.666666666666664,164.0,59.86,3.0,311.0,311.0,54.0,1.0
1,11,1_11,12.0,,,,,,,,,,,,,,,,,,,,,,,,,,,,,,,,,119.5,157.0,78.3325,16.0,4.5,69.5,23.56,10.0,273.8,329.0,67.232,5.0,143.71428571428572,252.0,68.68,7.0,554.0,352.0,25.0,5.0,191.0,191.0,79.67,2.0,639.0,639.0,65.34,1.0
11,1,1_11,12.0,,,,,,,,,,,,,,,,,,,,,,,,,,,,,,,,,119.5,157.0,91.0,16.0,4.5,69.5,90.93,10.0,273.8,329.0,85.428,5.0,143.71428571428572,252.0,84.0,7.0,554.0,352.0,75.43333333333334,5.0,191.0,191.0,62.0,2.0,639.0,639.0,54.0,1.0
1,11,1_11,13.0,,,,,,,,,,,,,,,,,,,,,,,,,,,,,,,,,478.38461538461536,375.0,79.3225,13.0,-32.6875,119.5,16.62,16.0,128.69230769230768,267.0,65.564,13.0,535.1666666666666,459.5,44.815,6.0,516.0,386.0,44.693333333333335,3.0,369.0,369.0,88.04,1.0,325.1666666666667,252.5,49.38,6.0
11,1,1_11,13.0,,,,,,,,,,,,,,,,,,,,,,,,,,,,,,,,,478.38461538461536,375.0,91.0,13.0,-32.6875,119.5,91.0,16.0,128.69230769230768,267.0,89.0,13.0,535.1666666666666,459.5,84.0,6.0,516.0,386.0,79.0,3.0,369.0,369.0,62.0,1.0,325.1666666666667,252.5,54.0,6.0
1,11,1_11,14.0,,,,,,,,,,,,,,,,,,,,,,,,,,,,,,,,,372.3076923076923,352.0,54.1325,13.0,105.13333333333334,142.0,47.333333333333336,15.0,-55.111111111111114,-13.0,25.064,9.0,482.77777777777777,329.0,72.82,9.0,288.0,217.5,68.23333333333333,4.0,748.0,748.0,94.37,2.0,654.0,654.0,35.26,1.0
11,1,1_11,14.0,,,,,,,,,,,,,,,,,,,,,,,,,,,,,,,,,372.3076923076923,352.0,91.0,13.0,105.13333333333334,142.0,91.0,15.0,-55.111111111111114,-13.0,90.116,9.0,482.77777777777777,329.0,84.0,9.0,288.0,217.5,79.0,4.0,748.0,748.0,62.62,2.0,654.0,654.0,54.0,1.0
1,11,1_11,15.0,,,,,,,,,,,,,,,,,,,,,,,,,,,,,,,,,,,,,724.7142857142857,648.0,71.43666666666667,7.0,-33.666666666666664,288.0,19.708,9.0,273.8,329.0,64.75,5.0,20.5,-41.0,75.0,8.0,211.75,267.5,83.13,8.0,547.25,541.0,28.14,4.0
11,1,1_11,15.0,,,,,,,,,,,,,,,,,,,,,,,,,,,,,,,,,,,,,724.7142857142857,648.0,91.0,7.0,-33.666666666666664,288.0,91.0,9.0,273.8,329.0,84.535,5.0,20.5,-41.0,82.86,8.0,211.75,267.5,72.32,8.0,547.25,541.0,54.0,4.0
1,11,1_11,16.0,,,,,,,,,,,,,,,,,,,,,,,,,,,,,,,,,,,,,160.1,157.0,75.13,10.0,67.16666666666667,151.0,18.876,12.0,194.44444444444446,270.0,78.02,9.0,396.0,515.5,75.0,4.0,219.75,263.5,68.96,4.0,113.0,113.0,27.02,1.0
11,1,1_11,16.0,,,,,,,,,,,,,,,,,,,,,,,,,,,,,,,,,,,,,160.1,157.0,91.0,10.0,67.16666666666667,151.0,91.0,12.0,194.44444444444446,270.0,89.0,9.0,396.0,515.5,84.0,4.0,219.75,263.5,73.0,4.0,113.0,113.0,54.0,1.0
1,11,1_11,17.0,,,,,,,,,,,,,,,,,,,,,,,,,,,,,,,,,,,,,193.8,190.0,89.57666666666667,10.0,100.78571428571429,102.0,51.432,14.0,34.57142857142857,240.0,35.805,7.0,68.2,252.0,33.906666666666666,5.0,169.75,221.5,60.45,4.0,314.5,314.5,27.0,2.0
11,1,1_11,17.0,,,,,,,,,,,,,,,,,,,,,,,,,,,,,,,,,,,,,193.8,190.0,91.0,10.0,100.78571428571429,102.0,91.0,14.0,34.57142857142857,240.0,89.0,7.0,68.2,252.0,84.0,5.0,169.75,221.5,73.0,4.0,314.5,314.5,54.0,2.0
1,11,1_11,18.0,,,,,,,,,,,,,,,,,,,,,,,,,,,,,,,,,,,,,453.0,383.0,66.93333333333334,14.0,724.7142857142857,648.0,71.324,7.0,-70.5,-51.5,24.82,8.0,502.2857142857143,329.0,67.2,7.0,714.3333333333334,474.0,25.0,3.0,165.0,104.0,27.0,3.0
11,1,1_11,18.0,,,,,,,,,,,,,,,,,,,,,,,,,,,,,,,,,,,,,453.0,383.0,91.0,14.0,724.7142857142857,648.0,91.0,7.0,-70.5,-51.5,90.895,8.0,502.2857142857143,329.0,84.0,7.0,714.3333333333334,474.0,73.65,3.0,165.0,104.0,54.0,3.0
1,11,1_11,19.0,,,,,,,,,,,,,,,,,,,,,,,,,,,,,,,,,,,,,386.25,370.5,50.74333333333333,8.0,64.6,143.0,72.0,5.0,-79.14285714285714,288.0,18.565,7.0,520.1666666666666,509.0,72.31333333333333,6.0,337.6666666666667,352.0,25.16,3.0,424.0,244.0,27.0,3.0
11,1,1_11,19.0,,,,,,,,,,,,,,,,,,,,,,,,,,,,,,,,,,,,,386.25,370.5,91.0,8.0,64.6,143.0,91.0,5.0,-79.14285714285714,288.0,91.0,7.0,520.1666666666666,509.0,84.0,6.0,337.6666666666667,352.0,79.0,3.0,424.0,244.0,54.82,3.0
1,11,1_11,20.0,,,,,,,,,,,,,,,,,,,,,,,,,,,,,,,,,,,,,,,,,147.08333333333334,177.0,85.932,12.0,58.18181818181818,136.0,16.885,11.0,273.8,329.0,60.38666666666666,5.0,581.0,581.0,54.38,2.0,,,27.0,0.0
11,1,1_11,20.0,,,,,,,,,,,,,,,,,,,,,,,,,,,,,,,,,,,,,,,,,147.08333333333334,177.0,91.0,12.0,58.18181818181818,136.0,91.0,11.0,273.8,329.0,84.0,5.0,581.0,581.0,79.0,2.0,,,56.84,0.0
1,11,1_11,21.0,,,,,,,,,,,,,,,,,,,,,,,,,,,,,,,,,,,,,,,,,423.0,369.0,83.904,8.0,19.5,60.5,37.21,12.0,54.4,270.0,77.66666666666667,5.0,288.0,217.5,67.98,4.0,518.0,518.0,25.94,2.0
11,1,1_11,21.0,,,,,,,,,,,,,,,,,,,,,,,,,,,,,,,,,,,,,,,,,423.0,369.0,91.0,8.0,19.5,60.5,91.0,12.0,54.4,270.0,88.04666666666667,5.0,288.0,217.5,79.0,4.0,518.0,518.0,58.0,2.0
1,11,1_11,22.0,,,,,,,,,,,,,,,,,,,,,,,,,,,,,,,,,,,,,,,,,426.45454545454544,302.0,64.44,11.0,738.1666666666666,640.5,69.29,6.0,167.83333333333334,310.5,73.99333333333334,6.0,6.0,113.0,71.87,5.0,-297.0,-297.0,55.06,2.0
11,1,1_11,22.0,,,,,,,,,,,,,,,,,,,,,,,,,,,,,,,,,,,,,,,,,426.45454545454544,302.0,91.0,11.0,738.1666666666666,640.5,91.0,6.0,167.83333333333334,310.5,89.0,6.0,6.0,113.0,79.79,5.0,-297.0,-297.0,58.68,2.0
1,11,1_11,23.0,,,,,,,,,,,,,,,,,,,,,,,,,,,,,,,,,,,,,,,,,468.0,399.0,46.984,6.0,496.75,433.5,71.655,4.0,142.6,240.0,26.053333333333335,5.0,44.666666666666664,-195.0,75.0,3.0,421.0,421.0,76.3,1.0
11,1,1_11,23.0,,,,,,,,,,,,,,,,,,,,,,,,,,,,,,,,,,,,,,,,,468.0,399.0,91.0,6.0,496.75,433.5,91.0,4.0,142.6,240.0,89.0,5.0,44.666666666666664,-195.0,84.0,3.0,421.0,421.0,61.04,1.0
1,11,1_11,24.0,,,,,,,,,,,,,,,,,,,,,,,,,,,,,,,,,,,,,,,,,,,,,64.6,143.0,72.0,5.0,-135.83333333333334,-103.0,25.0,6.0,343.3333333333333,477.0,75.0,3.0,152.0,152.0,77.0,1.0
11,1,1_11,24.0,,,,,,,,,,,,,,,,,,,,,,,,,,,,,,,,,,,,,,,,,,,,,64.6,143.0,91.0,5.0,-135.83333333333334,-103.0,90.86,6.0,343.3333333333333,477.0,84.0,3.0,152.0,152.0,62.0,1.0
1,11,1_11,25.0,,,,,,,,,,,,,,,,,,,,,,,,,,,,,,,,,,,,,,,,,,,,,144.45454545454547,178.0,84.665,11.0,215.0,304.5,22.12,4.0,-6.0,-17.5,62.36,4.0,230.0,230.0,82.34,1.0
11,1,1_11,25.0,,,,,,,,,,,,,,,,,,,,,,,,,,,,,,,,,,,,,,,,,,,,,144.45454545454547,178.0,91.0,11.0,215.0,304.5,91.0,4.0,-6.0,-17.5,84.0,4.0,230.0,230.0,62.0,1.0
1,11,1_11,26.0,,,,,,,,,,,,,,,,,,,,,,,,,,,,,,,,,,,,,,,,,,,,,406.75,282.5,90.395,4.0,-163.0,-171.0,15.393333333333333,7.0,459.5,459.5,26.0,2.0,369.0,369.0,87.94,1.0
11,1,1_11,26.0,,,,,,,,,,,,,,,,,,,,,,,,,,,,,,,,,,,,,,,,,,,,,406.75,282.5,91.0,4.0,-163.0,-171.0,91.0,7.0,459.5,459.5,84.0,2.0,369.0,369.0,62.0,1.0
1,11,1_11,27.0,,,,,,,,,,,,,,,,,,,,,,,,,,,,,,,,,,,,,,,,,,,,,510.22222222222223,391.0,68.25,9.0,68.66666666666667,136.0,17.846666666666668,9.0,573.0,532.5,63.63,4.0,,,88.14,0.0
11,1,1_11,27.0,,,,,,,,,,,,,,,,,,,,,,,,,,,,,,,,,,,,,,,,,,,,,510.22222222222223,391.0,91.0,9.0,68.66666666666667,136.0,91.0,9.0,573.0,532.5,84.0,4.0,,,62.0,0.0
1,11,1_11,28.0,,,,,,,,,,,,,,,,,,,,,,,,,,,,,,,,,,,,,,,,,,,,,353.625,248.5,66.785,8.0,48.875,114.0,33.36,8.0,518.5,589.5,74.17,4.0,748.0,748.0,92.38,2.0
11,1,1_11,28.0,,,,,,,,,,,,,,,,,,,,,,,,,,,,,,,,,,,,,,,,,,,,,353.625,248.5,91.0,8.0,48.875,114.0,91.0,8.0,518.5,589.5,84.0,4.0,748.0,748.0,62.0,2.0
1,11,1_11,29.0,,,,,,,,,,,,,,,,,,,,,,,,,,,,,,,,,,,,,,,,,,,,,402.2,389.0,41.48,5.0,169.42857142857142,142.0,61.306666666666665,7.0,454.2,317.0,71.47,5.0,,,96.36,0.0
11,1,1_11,29.0,,,,,,,,,,,,,,,,,,,,,,,,,,,,,,,,,,,,,,,,,,,,,402.2,389.0,91.0,5.0,169.42857142857142,142.0,91.0,7.0,454.2,317.0,84.0,5.0,,,63.24,0.0
1,11,1_11,30.0,,,,,,,,,,,,,,,,,,,,,,,,,,,,,,,,,,,,,,,,,,,,,,,,,810.1666666666666,778.0,70.87333333333333,6.0,250.25,314.5,65.27,4.0,213.8,293.0,94.32,5.0
11,1,1_11,30.0,,,,,,,,,,,,,,,,,,,,,,,,,,,,,,,,,,,,,,,,,,,,,,,,,810.1666666666666,778.0,91.0,6.0,250.25,314.5,84.0,4.0,213.8,293.0,71.64,5.0
1,11,1_11,31.0,,,,,,,,,,,,,,,,,,,,,,,,,,,,,,,,,,,,,,,,,,,,,,,,,212.0,212.0,72.0,1.0,368.0,368.0,64.23,1.0,208.33333333333334,242.0,71.94,3.0
11,1,1_11,31.0,,,,,,,,,,,,,,,,,,,,,,,,,,,,,,,,,,,,,,,,,,,,,,,,,212.0,212.0,91.0,1.0,368.0,368.0,85.07,1.0,208.33333333333334,242.0,73.0,3.0
1,11,1_11,32.0,,,,,,,,,,,,,,,,,,,,,,,,,,,,,,,,,,,,,,,,,,,,,,,,,64.6,143.0,72.0,5.0,54.4,270.0,77.58,5.0,157.5,157.5,69.0,2.0
11,1,1_11,32.0,,,,,,,,,,,,,,,,,,,,,,,,,,,,,,,,,,,,,,,,,,,,,,,,,64.6,143.0,91.0,5.0,54.4,270.0,89.0,5.0,157.5,157.5,73.0,2.0
1,11,1_11,33.0,,,,,,,,,,,,,,,,,,,,,,,,,,,,,,,,,,,,,,,,,,,,,,,,,255.6,376.0,78.26,5.0,369.5,310.5,78.46,4.0,282.0,282.0,68.92,2.0
11,1,1_11,33.0,,,,,,,,,,,,,,,,,,,,,,,,,,,,,,,,,,,,,,,,,,,,,,,,,255.6,376.0,91.0,5.0,369.5,310.5,89.0,4.0,282.0,282.0,73.0,2.0
1,11,1_11,34.0,,,,,,,,,,,,,,,,,,,,,,,,,,,,,,,,,,,,,,,,,,,,,,,,,69.57142857142857,176.0,88.96,7.0,-19.25,197.0,46.45,4.0,291.0,291.0,67.5,2.0
11,1,1_11,34.0,,,,,,,,,,,,,,,,,,,,,,,,,,,,,,,,,,,,,,,,,,,,,,,,,69.57142857142857,176.0,91.0,7.0,-19.25,197.0,89.0,4.0,291.0,291.0,73.0,2.0
1,11,1_11,35.0,,,,,,,,,,,,,,,,,,,,,,,,,,,,,,,,,,,,,,,,,,,,,,,,,483.6666666666667,363.0,90.19333333333333,3.0,106.33333333333333,240.0,25.16,3.0,48.5,48.5,53.4,2.0
11,1,1_11,35.0,,,,,,,,,,,,,,,,,,,,,,,,,,,,,,,,,,,,,,,,,,,,,,,,,483.6666666666667,363.0,91.0,3.0,106.33333333333333,240.0,89.0,3.0,48.5,48.5,73.0,2.0
1,11,1_11,36.0,,,,,,,,,,,,,,,,,,,,,,,,,,,,,,,,,,,,,,,,,,,,,,,,,499.5,383.0,72.0,6.0,-88.6,-13.0,25.0,5.0,1324.0,1324.0,25.0,1.0
11,1,1_11,36.0,,,,,,,,,,,,,,,,,,,,,,,,,,,,,,,,,,,,,,,,,,,,,,,,,499.5,383.0,91.0,6.0,-88.6,-13.0,90.79,5.0,1324.0,1324.0,73.0,1.0
1,11,1_11,37.0,,,,,,,,,,,,,,,,,,,,,,,,,,,,,,,,,,,,,,,,,,,,,,,,,418.125,420.0,61.86666666666667,8.0,-40.333333333333336,-90.0,24.64,3.0,409.5,409.5,25.0,2.0
11,1,1_11,37.0,,,,,,,,,,,,,,,,,,,,,,,,,,,,,,,,,,,,,,,,,,,,,,,,,418.125,420.0,91.0,8.0,-40.333333333333336,-90.0,91.0,3.0,409.5,409.5,74.3,2.0
1,11,1_11,38.0,,,,,,,,,,,,,,,,,,,,,,,,,,,,,,,,,,,,,,,,,,,,,,,,,462.6,389.0,66.78666666666666,5.0,304.5,304.5,21.04,2.0,313.5,313.5,25.0,2.0
11,1,1_11,38.0,,,,,,,,,,,,,,,,,,,,,,,,,,,,,,,,,,,,,,,,,,,,,,,,,462.6,389.0,91.0,5.0,304.5,304.5,91.0,2.0,313.5,313.5,79.0,2.0
1,11,1_11,39.0,,,,,,,,,,,,,,,,,,,,,,,,,,,,,,,,,,,,,,,,,,,,,,,,,259.0,352.0,34.7,3.0,-232.6,-337.0,16.09,5.0,386.0,386.0,25.32,1.0
11,1,1_11,39.0,,,,,,,,,,,,,,,,,,,,,,,,,,,,,,,,,,,,,,,,,,,,,,,,,259.0,352.0,91.0,3.0,-232.6,-337.0,91.0,5.0,386.0,386.0,79.0,1.0
1,11,1_11,40.0,,,,,,,,,,,,,,,,,,,,,,,,,,,,,,,,,,,,,,,,,,,,,,,,,,,,,72.66666666666667,164.5,13.61,6.0,581.0,581.0,46.6,2.0
11,1,1_11,40.0,,,,,,,,,,,,,,,,,,,,,,,,,,,,,,,,,,,,,,,,,,,,,,,,,,,,,72.66666666666667,164.5,91.0,6.0,581.0,581.0,79.0,2.0
1,11,1_11,41.0,,,,,,,,,,,,,,,,,,,,,,,,,,,,,,,,,,,,,,,,,,,,,,,,,,,,,40.8,103.0,20.16,5.0,,,62.16,0.0
11,1,1_11,41.0,,,,,,,,,,,,,,,,,,,,,,,,,,,,,,,,,,,,,,,,,,,,,,,,,,,,,40.8,103.0,91.0,5.0,,,79.0,0.0
1,11,1_11,42.0,,,,,,,,,,,,,,,,,,,,,,,,,,,,,,,,,,,,,,,,,,,,,,,,,,,,,41.75,114.0,27.18,4.0,288.0,217.5,67.96,4.0
11,1,1_11,42.0,,,,,,,,,,,,,,,,,,,,,,,,,,,,,,,,,,,,,,,,,,,,,,,,,,,,,41.75,114.0,91.0,4.0,288.0,217.5,79.0,4.0
1,11,1_11,43.0,,,,,,,,,,,,,,,,,,,,,,,,,,,,,,,,,,,,,,,,,,,,,,,,,,,,,8.375,-19.0,47.24,8.0,,,68.0,0.0
11,1,1_11,43.0,,,,,,,,,,,,,,,,,,,,,,,,,,,,,,,,,,,,,,,,,,,,,,,,,,,,,8.375,-19.0,91.0,8.0,,,79.0,0.0
1,11,1_11,44.0,,,,,,,,,,,,,,,,,,,,,,,,,,,,,,,,,,,,,,,,,,,,,,,,,,,,,447.6666666666667,568.0,67.58,3.0,,,68.74,0.0
11,1,1_11,44.0,,,,,,,,,,,,,,,,,,,,,,,,,,,,,,,,,,,,,,,,,,,,,,,,,,,,,447.6666666666667,568.0,91.0,3.0,,,79.0,0.0
1,11,1_11,45.0,,,,,,,,,,,,,,,,,,,,,,,,,,,,,,,,,,,,,,,,,,,,,,,,,,,,,1028.6666666666667,1069.0,71.0,3.0,6.0,113.0,75.0,5.0
11,1,1_11,45.0,,,,,,,,,,,,,,,,,,,,,,,,,,,,,,,,,,,,,,,,,,,,,,,,,,,,,1028.6666666666667,1069.0,91.0,3.0,6.0,113.0,80.58,5.0
1,11,1_11,46.0,,,,,,,,,,,,,,,,,,,,,,,,,,,,,,,,,,,,,,,,,,,,,,,,,,,,,496.75,433.5,71.31,4.0,968.0,968.0,75.0,1.0
11,1,1_11,46.0,,,,,,,,,,,,,,,,,,,,,,,,,,,,,,,,,,,,,,,,,,,,,,,,,,,,,496.75,433.5,91.0,4.0,968.0,968.0,84.0,1.0
1,11,1_11,47.0,,,,,,,,,,,,,,,,,,,,,,,,,,,,,,,,,,,,,,,,,,,,,,,,,,,,,,,72.0,0.0,-417.0,-417.0,75.0,2.0
11,1,1_11,47.0,,,,,,,,,,,,,,,,,,,,,,,,,,,,,,,,,,,,,,,,,,,,,,,,,,,,,,,91.0,0.0,-417.0,-417.0,84.0,2.0
1,11,1_11,48.0,,,,,,,,,,,,,,,,,,,,,,,,,,,,,,,,,,,,,,,,,,,,,,,,,,,,,157.0,157.0,72.0,2.0,276.5,276.5,75.0,2.0
11,1,1_11,48.0,,,,,,,,,,,,,,,,,,,,,,,,,,,,,,,,,,,,,,,,,,,,,,,,,,,,,157.0,157.0,91.0,2.0,276.5,276.5,84.0,2.0
1,11,1_11,49.0,,,,,,,,,,,,,,,,,,,,,,,,,,,,,,,,,,,,,,,,,,,,,,,,,,,,,3.0,55.0,72.0,3.0,477.0,477.0,75.0,1.0
11,1,1_11,49.0,,,,,,,,,,,,,,,,,,,,,,,,,,,,,,,,,,,,,,,,,,,,,,,,,,,,,3.0,55.0,91.0,3.0,477.0,477.0,84.0,1.0
1,11,1_11,50.0,,,,,,,,,,,,,,,,,,,,,,,,,,,,,,,,,,,,,,,,,,,,,,,,,,,,,255.6,376.0,81.39,5.0,554.0,554.0,75.0,1.0
11,1,1_11,50.0,,,,,,,,,,,,,,,,,,,,,,,,,,,,,,,,,,,,,,,,,,,,,,,,,,,,,255.6,376.0,91.0,5.0,554.0,554.0,84.0,1.0
1,11,1_11,51.0,,,,,,,,,,,,,,,,,,,,,,,,,,,,,,,,,,,,,,,,,,,,,,,,,,,,,51.833333333333336,133.5,87.94,6.0,-192.66666666666666,-287.0,49.72,3.0
11,1,1_11,51.0,,,,,,,,,,,,,,,,,,,,,,,,,,,,,,,,,,,,,,,,,,,,,,,,,,,,,51.833333333333336,133.5,91.0,6.0,-192.66666666666666,-287.0,84.0,3.0
1,11,1_11,52.0,,,,,,,,,,,,,,,,,,,,,,,,,,,,,,,,,,,,,,,,,,,,,,,,,,,,,269.5,269.5,90.79,2.0,374.0,374.0,26.0,1.0
11,1,1_11,52.0,,,,,,,,,,,,,,,,,,,,,,,,,,,,,,,,,,,,,,,,,,,,,,,,,,,,,269.5,269.5,91.0,2.0,374.0,374.0,84.0,1.0
1,11,1_11,53.0,,,,,,,,,,,,,,,,,,,,,,,,,,,,,,,,,,,,,,,,,,,,,,,,,,,,,544.0,544.0,90.0,2.0,545.0,545.0,26.0,1.0
11,1,1_11,53.0,,,,,,,,,,,,,,,,,,,,,,,,,,,,,,,,,,,,,,,,,,,,,,,,,,,,,544.0,544.0,91.0,2.0,545.0,545.0,84.0,1.0
1,11,1_11,54.0,,,,,,,,,,,,,,,,,,,,,,,,,,,,,,,,,,,,,,,,,,,,,,,,,,,,,386.6,375.0,74.47,5.0,532.5,532.5,59.0,2.0
11,1,1_11,54.0,,,,,,,,,,,,,,,,,,,,,,,,,,,,,,,,,,,,,,,,,,,,,,,,,,,,,386.6,375.0,91.0,5.0,532.5,532.5,84.0,2.0
1,11,1_11,55.0,,,,,,,,,,,,,,,,,,,,,,,,,,,,,,,,,,,,,,,,,,,,,,,,,,,,,664.75,729.5,62.03,4.0,613.5,613.5,68.26,2.0
11,1,1_11,55.0,,,,,,,,,,,,,,,,,,,,,,,,,,,,,,,,,,,,,,,,,,,,,,,,,,,,,664.75,729.5,91.0,4.0,613.5,613.5,84.0,2.0
1,11,1_11,56.0,,,,,,,,,,,,,,,,,,,,,,,,,,,,,,,,,,,,,,,,,,,,,,,,,,,,,350.0,302.0,64.3,5.0,408.0,329.0,74.34,3.0
11,1,1_11,56.0,,,,,,,,,,,,,,,,,,,,,,,,,,,,,,,,,,,,,,,,,,,,,,,,,,,,,350.0,302.0,91.0,5.0,408.0,329.0,84.0,3.0
1,11,1_11,57.0,,,,,,,,,,,,,,,,,,,,,,,,,,,,,,,,,,,,,,,,,,,,,,,,,,,,,359.6666666666667,156.0,69.27,3.0,850.0,850.0,74.0,1.0
11,1,1_11,57.0,,,,,,,,,,,,,,,,,,,,,,,,,,,,,,,,,,,,,,,,,,,,,,,,,,,,,359.6666666666667,156.0,91.0,3.0,850.0,850.0,84.0,1.0
1,11,1_11,58.0,,,,,,,,,,,,,,,,,,,,,,,,,,,,,,,,,,,,,,,,,,,,,,,,,,,,,416.6666666666667,389.0,47.96,3.0,454.2,317.0,73.94,5.0
11,1,1_11,58.0,,,,,,,,,,,,,,,,,,,,,,,,,,,,,,,,,,,,,,,,,,,,,,,,,,,,,416.6666666666667,389.0,91.0,3.0,454.2,317.0,84.0,5.0
1,11,1_11,59.0,,,,,,,,,,,,,,,,,,,,,,,,,,,,,,,,,,,,,,,,,,,,,,,,,,,,,380.5,380.5,35.0,2.0,,,69.0,0.0
11,1,1_11,59.0,,,,,,,,,,,,,,,,,,,,,,,,,,,,,,,,,,,,,,,,,,,,,,,,,,,,,380.5,380.5,91.0,2.0,,,84.0,0.0
1,11,1_11,60.0,,,,,,,,,,,,,,,,,,,,,,,,,,,,,,,,,,,,,,,,,,,,,,,,,,,,,,,,,,,69.0,0.0
11,1,1_11,60.0,,,,,,,,,,,,,,,,,,,,,,,,,,,,,,,,,,,,,,,,,,,,,,,,,,,,,,,,,,,84.0,0.0
1,11,1_11,61.0,,,,,,,,,,,,,,,,,,,,,,,,,,,,,,,,,,,,,,,,,,,,,,,,,,,,,,,,,250.25,314.5,61.54,4.0
11,1,1_11,61.0,,,,,,,,,,,,,,,,,,,,,,,,,,,,,,,,,,,,,,,,,,,,,,,,,,,,,,,,,250.25,314.5,84.0,4.0
1,11,1_11,62.0,,,,,,,,,,,,,,,,,,,,,,,,,,,,,,,,,,,,,,,,,,,,,,,,,,,,,,,,,368.0,368.0,50.62,1.0
11,1,1_11,62.0,,,,,,,,,,,,,,,,,,,,,,,,,,,,,,,,,,,,,,,,,,,,,,,,,,,,,,,,,368.0,368.0,84.0,1.0
1,11,1_11,63.0,,,,,,,,,,,,,,,,,,,,,,,,,,,,,,,,,,,,,,,,,,,,,,,,,,,,,,,,,,,77.84,0.0
11,1,1_11,63.0,,,,,,,,,,,,,,,,,,,,,,,,,,,,,,,,,,,,,,,,,,,,,,,,,,,,,,,,,,,86.14,0.0
1,11,1_11,64.0,,,,,,,,,,,,,,,,,,,,,,,,,,,,,,,,,,,,,,,,,,,,,,,,,,,,,,,,,,,77.16,0.0
11,1,1_11,64.0,,,,,,,,,,,,,,,,,,,,,,,,,,,,,,,,,,,,,,,,,,,,,,,,,,,,,,,,,,,89.0,0.0
1,11,1_11,65.0,,,,,,,,,,,,,,,,,,,,,,,,,,,,,,,,,,,,,,,,,,,,,,,,,,,,,,,,,54.4,270.0,78.0,5.0
11,1,1_11,65.0,,,,,,,,,,,,,,,,,,,,,,,,,,,,,,,,,,,,,,,,,,,,,,,,,,,,,,,,,54.4,270.0,89.0,5.0
1,11,1_11,66.0,,,,,,,,,,,,,,,,,,,,,,,,,,,,,,,,,,,,,,,,,,,,,,,,,,,,,,,,,217.0,176.0,78.2,3.0
11,1,1_11,66.0,,,,,,,,,,,,,,,,,,,,,,,,,,,,,,,,,,,,,,,,,,,,,,,,,,,,,,,,,217.0,176.0,89.0,3.0
1,11,1_11,67.0,,,,,,,,,,,,,,,,,,,,,,,,,,,,,,,,,,,,,,,,,,,,,,,,,,,,,,,,,827.0,827.0,78.72,1.0
11,1,1_11,67.0,,,,,,,,,,,,,,,,,,,,,,,,,,,,,,,,,,,,,,,,,,,,,,,,,,,,,,,,,827.0,827.0,89.0,1.0
1,11,1_11,68.0,,,,,,,,,,,,,,,,,,,,,,,,,,,,,,,,,,,,,,,,,,,,,,,,,,,,,,,,,-235.5,-235.5,65.06,2.0
11,1,1_11,68.0,,,,,,,,,,,,,,,,,,,,,,,,,,,,,,,,,,,,,,,,,,,,,,,,,,,,,,,,,-235.5,-235.5,89.0,2.0
1,11,1_11,69.0,,,,,,,,,,,,,,,,,,,,,,,,,,,,,,,,,,,,,,,,,,,,,,,,,,,,,,,,,197.0,197.0,27.84,2.0
11,1,1_11,69.0,,,,,,,,,,,,,,,,,,,,,,,,,,,,,,,,,,,,,,,,,,,,,,,,,,,,,,,,,197.0,197.0,89.0,2.0
1,11,1_11,70.0,,,,,,,,,,,,,,,,,,,,,,,,,,,,,,,,,,,,,,,,,,,,,,,,,,,,,,,,,106.33333333333333,240.0,25.32,3.0
11,1,1_11,70.0,,,,,,,,,,,,,,,,,,,,,,,,,,,,,,,,,,,,,,,,,,,,,,,,,,,,,,,,,106.33333333333333,240.0,89.0,3.0
1,11,1_11,71.0,,,,,,,,,,,,,,,,,,,,,,,,,,,,,,,,,,,,,,,,,,,,,,,,,,,,,,,,,,,25.0,0.0
11,1,1_11,71.0,,,,,,,,,,,,,,,,,,,,,,,,,,,,,,,,,,,,,,,,,,,,,,,,,,,,,,,,,,,89.0,0.0
1,11,1_11,72.0,,,,,,,,,,,,,,,,,,,,,,,,,,,,,,,,,,,,,,,,,,,,,,,,,,,,,,,,,-13.0,-13.0,25.0,1.0
11,1,1_11,72.0,,,,,,,,,,,,,,,,,,,,,,,,,,,,,,,,,,,,,,,,,,,,,,,,,,,,,,,,,-13.0,-13.0,90.58,1.0
1,11,1_11,73.0,,,,,,,,,,,,,,,,,,,,,,,,,,,,,,,,,,,,,,,,,,,,,,,,,,,,,,,,,-107.5,-20.5,25.0,4.0
11,1,1_11,73.0,,,,,,,,,,,,,,,,,,,,,,,,,,,,,,,,,,,,,,,,,,,,,,,,,,,,,,,,,-107.5,-20.5,91.0,4.0
1,11,1_11,74.0,,,,,,,,,,,,,,,,,,,,,,,,,,,,,,,,,,,,,,,,,,,,,,,,,,,,,,,,,-372.0,-372.0,25.0,1.0
11,1,1_11,74.0,,,,,,,,,,,,,,,,,,,,,,,,,,,,,,,,,,,,,,,,,,,,,,,,,,,,,,,,,-372.0,-372.0,91.0,1.0
1,11,1_11,75.0,,,,,,,,,,,,,,,,,,,,,,,,,,,,,,,,,,,,,,,,,,,,,,,,,,,,,,,,,125.5,125.5,24.28,2.0
11,1,1_11,75.0,,,,,,,,,,,,,,,,,,,,,,,,,,,,,,,,,,,,,,,,,,,,,,,,,,,,,,,,,125.5,125.5,91.0,2.0
1,11,1_11,76.0,,,,,,,,,,,,,,,,,,,,,,,,,,,,,,,,,,,,,,,,,,,,,,,,,,,,,,,,,304.5,304.5,23.6,2.0
11,1,1_11,76.0,,,,,,,,,,,,,,,,,,,,,,,,,,,,,,,,,,,,,,,,,,,,,,,,,,,,,,,,,304.5,304.5,91.0,2.0
1,11,1_11,77.0,,,,,,,,,,,,,,,,,,,,,,,,,,,,,,,,,,,,,,,,,,,,,,,,,,,,,,,,,,,18.48,0.0
11,1,1_11,77.0,,,,,,,,,,,,,,,,,,,,,,,,,,,,,,,,,,,,,,,,,,,,,,,,,,,,,,,,,,,91.0,0.0
1,11,1_11,78.0,,,,,,,,,,,,,,,,,,,,,,,,,,,,,,,,,,,,,,,,,,,,,,,,,,,,,,,,,101.0,101.0,16.52,2.0
11,1,1_11,78.0,,,,,,,,,,,,,,,,,,,,,,,,,,,,,,,,,,,,,,,,,,,,,,,,,,,,,,,,,101.0,101.0,91.0,2.0
1,11,1_11,79.0,,,,,,,,,,,,,,,,,,,,,,,,,,,,,,,,,,,,,,,,,,,,,,,,,,,,,,,,,-455.0,-717.0,15.66,3.0
11,1,1_11,79.0,,,,,,,,,,,,,,,,,,,,,,,,,,,,,,,,,,,,,,,,,,,,,,,,,,,,,,,,,-455.0,-717.0,91.0,3.0
1,11,1_11,80.0,,,,,,,,,,,,,,,,,,,,,,,,,,,,,,,,,,,,,,,,,,,,,,,,,,,,,,,,,11.0,11.0,14.0,2.0
11,1,1_11,80.0,,,,,,,,,,,,,,,,,,,,,,,,,,,,,,,,,,,,,,,,,,,,,,,,,,,,,,,,,11.0,11.0,91.0,2.0
1,11,1_11,81.0,,,,,,,,,,,,,,,,,,,,,,,,,,,,,,,,,,,,,,,,,,,,,,,,,,,,,,,,,103.5,176.0,13.22,4.0
11,1,1_11,81.0,,,,,,,,,,,,,,,,,,,,,,,,,,,,,,,,,,,,,,,,,,,,,,,,,,,,,,,,,103.5,176.0,91.0,4.0
1,11,1_11,82.0,,,,,,,,,,,,,,,,,,,,,,,,,,,,,,,,,,,,,,,,,,,,,,,,,,,,,,,,,421.5,421.5,13.46,2.0
11,1,1_11,82.0,,,,,,,,,,,,,,,,,,,,,,,,,,,,,,,,,,,,,,,,,,,,,,,,,,,,,,,,,421.5,421.5,91.0,2.0
1,11,1_11,83.0,,,,,,,,,,,,,,,,,,,,,,,,,,,,,,,,,,,,,,,,,,,,,,,,,,,,,,,,,-213.0,-4.0,26.86,3.0
11,1,1_11,83.0,,,,,,,,,,,,,,,,,,,,,,,,,,,,,,,,,,,,,,,,,,,,,,,,,,,,,,,,,-213.0,-4.0,91.0,3.0
1,11,1_11,84.0,,,,,,,,,,,,,,,,,,,,,,,,,,,,,,,,,,,,,,,,,,,,,,,,,,,,,,,,,166.0,166.0,26.84,1.0
11,1,1_11,84.0,,,,,,,,,,,,,,,,,,,,,,,,,,,,,,,,,,,,,,,,,,,,,,,,,,,,,,,,,166.0,166.0,91.0,1.0
1,11,1_11,85.0,,,,,,,,,,,,,,,,,,,,,,,,,,,,,,,,,,,,,,,,,,,,,,,,,,,,,,,,,0.3333333333333333,62.0,27.52,3.0
11,1,1_11,85.0,,,,,,,,,,,,,,,,,,,,,,,,,,,,,,,,,,,,,,,,,,,,,,,,,,,,,,,,,0.3333333333333333,62.0,91.0,3.0
1,11,1_11,86.0,,,,,,,,,,,,,,,,,,,,,,,,,,,,,,,,,,,,,,,,,,,,,,,,,,,,,,,,,56.0,102.5,45.72,4.0
11,1,1_11,86.0,,,,,,,,,,,,,,,,,,,,,,,,,,,,,,,,,,,,,,,,,,,,,,,,,,,,,,,,,56.0,102.5,91.0,4.0
1,11,1_11,87.0,,,,,,,,,,,,,,,,,,,,,,,,,,,,,,,,,,,,,,,,,,,,,,,,,,,,,,,,,-39.25,-19.0,48.76,4.0
11,1,1_11,87.0,,,,,,,,,,,,,,,,,,,,,,,,,,,,,,,,,,,,,,,,,,,,,,,,,,,,,,,,,-39.25,-19.0,91.0,4.0
1,11,1_11,88.0,,,,,,,,,,,,,,,,,,,,,,,,,,,,,,,,,,,,,,,,,,,,,,,,,,,,,,,,,600.5,600.5,63.16,2.0
11,1,1_11,88.0,,,,,,,,,,,,,,,,,,,,,,,,,,,,,,,,,,,,,,,,,,,,,,,,,,,,,,,,,600.5,600.5,91.0,2.0
1,11,1_11,89.0,,,,,,,,,,,,,,,,,,,,,,,,,,,,,,,,,,,,,,,,,,,,,,,,,,,,,,,,,142.0,142.0,72.0,1.0
11,1,1_11,89.0,,,,,,,,,,,,,,,,,,,,,,,,,,,,,,,,,,,,,,,,,,,,,,,,,,,,,,,,,142.0,142.0,91.0,1.0
1,11,1_11,90.0,,,,,,,,,,,,,,,,,,,,,,,,,,,,,,,,,,,,,,,,,,,,,,,,,,,,,,,,,1069.0,1069.0,71.0,1.0
11,1,1_11,90.0,,,,,,,,,,,,,,,,,,,,,,,,,,,,,,,,,,,,,,,,,,,,,,,,,,,,,,,,,1069.0,1069.0,91.0,1.0
1,11,1_11,91.0,,,,,,,,,,,,,,,,,,,,,,,,,,,,,,,,,,,,,,,,,,,,,,,,,,,,,,,,,1008.5,1008.5,71.0,2.0
11,1,1_11,91.0,,,,,,,,,,,,,,,,,,,,,,,,,,,,,,,,,,,,,,,,,,,,,,,,,,,,,,,,,1008.5,1008.5,91.0,2.0
1,11,1_11,92.0,,,,,,,,,,,,,,,,,,,,,,,,,,,,,,,,,,,,,,,,,,,,,,,,,,,,,,,,,591.6666666666666,462.0,70.62,3.0
11,1,1_11,92.0,,,,,,,,,,,,,,,,,,,,,,,,,,,,,,,,,,,,,,,,,,,,,,,,,,,,,,,,,591.6666666666666,462.0,91.0,3.0
1,11,1_11,93.0,,,,,,,,,,,,,,,,,,,,,,,,,,,,,,,,,,,,,,,,,,,,,,,,,,,,,,,,,212.0,212.0,72.0,1.0
11,1,1_11,93.0,,,,,,,,,,,,,,,,,,,,,,,,,,,,,,,,,,,,,,,,,,,,,,,,,,,,,,,,,212.0,212.0,91.0,1.0
1,11,1_11,94.0,,,,,,,,,,,,,,,,,,,,,,,,,,,,,,,,,,,,,,,,,,,,,,,,,,,,,,,,,,,72.0,0.0
11,1,1_11,94.0,,,,,,,,,,,,,,,,,,,,,,,,,,,,,,,,,,,,,,,,,,,,,,,,,,,,,,,,,,,91.0,0.0
1,11,1_11,95.0,,,,,,,,,,,,,,,,,,,,,,,,,,,,,,,,,,,,,,,,,,,,,,,,,,,,,,,,,,,72.0,0.0
11,1,1_11,95.0,,,,,,,,,,,,,,,,,,,,,,,,,,,,,,,,,,,,,,,,,,,,,,,,,,,,,,,,,,,91.0,0.0
1,11,1_11,96.0,,,,,,,,,,,,,,,,,,,,,,,,,,,,,,,,,,,,,,,,,,,,,,,,,,,,,,,,,157.0,157.0,72.0,2.0
11,1,1_11,96.0,,,,,,,,,,,,,,,,,,,,,,,,,,,,,,,,,,,,,,,,,,,,,,,,,,,,,,,,,157.0,157.0,91.0,2.0
1,11,1_11,97.0,,,,,,,,,,,,,,,,,,,,,,,,,,,,,,,,,,,,,,,,,,,,,,,,,,,,,,,,,,,72.0,0.0
11,1,1_11,97.0,,,,,,,,,,,,,,,,,,,,,,,,,,,,,,,,,,,,,,,,,,,,,,,,,,,,,,,,,,,91.0,0.0
1,11,1_11,98.0,,,,,,,,,,,,,,,,,,,,,,,,,,,,,,,,,,,,,,,,,,,,,,,,,,,,,,,,,3.0,55.0,72.0,3.0
11,1,1_11,98.0,,,,,,,,,,,,,,,,,,,,,,,,,,,,,,,,,,,,,,,,,,,,,,,,,,,,,,,,,3.0,55.0,91.0,3.0
1,11,1_11,99.0,,,,,,,,,,,,,,,,,,,,,,,,,,,,,,,,,,,,,,,,,,,,,,,,,,,,,,,,,,,72.0,0.0
11,1,1_11,99.0,,,,,,,,,,,,,,,,,,,,,,,,,,,,,,,,,,,,,,,,,,,,,,,,,,,,,,,,,,,91.0,0.0
1,11,1_11,100.0,,,,,,,,,,,,,,,,,,,,,,,,,,,,,,,,,,,,,,,,,,,,,,,,,,,,,,,,,328.75,377.5,75.64,4.0
11,1,1_11,100.0,,,,,,,,,,,,,,,,,,,,,,,,,,,,,,,,,,,,,,,,,,,,,,,,,,,,,,,,,328.75,377.5,91.0,4.0
1,11,1_11,101.0,,,,,,,,,,,,,,,,,,,,,,,,,,,,,,,,,,,,,,,,,,,,,,,,,,,,,,,,,-37.0,-37.0,87.14,1.0
11,1,1_11,101.0,,,,,,,,,,,,,,,,,,,,,,,,,,,,,,,,,,,,,,,,,,,,,,,,,,,,,,,,,-37.0,-37.0,91.0,1.0
1,11,1_11,102.0,,,,,,,,,,,,,,,,,,,,,,,,,,,,,,,,,,,,,,,,,,,,,,,,,,,,,,,,,109.0,408.0,87.54,3.0
11,1,1_11,102.0,,,,,,,,,,,,,,,,,,,,,,,,,,,,,,,,,,,,,,,,,,,,,,,,,,,,,,,,,109.0,408.0,91.0,3.0
1,11,1_11,103.0,,,,,,,,,,,,,,,,,,,,,,,,,,,,,,,,,,,,,,,,,,,,,,,,,,,,,,,,,-5.333333333333333,89.0,88.34,3.0
11,1,1_11,103.0,,,,,,,,,,,,,,,,,,,,,,,,,,,,,,,,,,,,,,,,,,,,,,,,,,,,,,,,,-5.333333333333333,89.0,91.0,3.0
1,11,1_11,104.0,,,,,,,,,,,,,,,,,,,,,,,,,,,,,,,,,,,,,,,,,,,,,,,,,,,,,,,,,176.0,176.0,91.0,1.0
11,1,1_11,104.0,,,,,,,,,,,,,,,,,,,,,,,,,,,,,,,,,,,,,,,,,,,,,,,,,,,,,,,,,176.0,176.0,91.0,1.0
1,11,1_11,105.0,,,,,,,,,,,,,,,,,,,,,,,,,,,,,,,,,,,,,,,,,,,,,,,,,,,,,,,,,363.0,363.0,90.58,1.0
11,1,1_11,105.0,,,,,,,,,,,,,,,,,,,,,,,,,,,,,,,,,,,,,,,,,,,,,,,,,,,,,,,,,363.0,363.0,91.0,1.0
1,11,1_11,106.0,,,,,,,,,,,,,,,,,,,,,,,,,,,,,,,,,,,,,,,,,,,,,,,,,,,,,,,,,886.0,886.0,90.0,1.0
11,1,1_11,106.0,,,,,,,,,,,,,,,,,,,,,,,,,,,,,,,,,,,,,,,,,,,,,,,,,,,,,,,,,886.0,886.0,91.0,1.0
1,11,1_11,107.0,,,,,,,,,,,,,,,,,,,,,,,,,,,,,,,,,,,,,,,,,,,,,,,,,,,,,,,,,202.0,202.0,90.0,1.0
11,1,1_11,107.0,,,,,,,,,,,,,,,,,,,,,,,,,,,,,,,,,,,,,,,,,,,,,,,,,,,,,,,,,202.0,202.0,91.0,1.0
1,11,1_11,108.0,,,,,,,,,,,,,,,,,,,,,,,,,,,,,,,,,,,,,,,,,,,,,,,,,,,,,,,,,425.5,425.5,82.0,2.0
11,1,1_11,108.0,,,,,,,,,,,,,,,,,,,,,,,,,,,,,,,,,,,,,,,,,,,,,,,,,,,,,,,,,425.5,425.5,91.0,2.0
1,11,1_11,109.0,,,,,,,,,,,,,,,,,,,,,,,,,,,,,,,,,,,,,,,,,,,,,,,,,,,,,,,,,360.6666666666667,356.0,66.94,3.0
11,1,1_11,109.0,,,,,,,,,,,,,,,,,,,,,,,,,,,,,,,,,,,,,,,,,,,,,,,,,,,,,,,,,360.6666666666667,356.0,91.0,3.0
1,11,1_11,110.0,,,,,,,,,,,,,,,,,,,,,,,,,,,,,,,,,,,,,,,,,,,,,,,,,,,,,,,,,1064.0,1064.0,67.06,1.0
11,1,1_11,110.0,,,,,,,,,,,,,,,,,,,,,,,,,,,,,,,,,,,,,,,,,,,,,,,,,,,,,,,,,1064.0,1064.0,91.0,1.0
1,11,1_11,111.0,,,,,,,,,,,,,,,,,,,,,,,,,,,,,,,,,,,,,,,,,,,,,,,,,,,,,,,,,531.6666666666666,538.0,57.0,3.0
11,1,1_11,111.0,,,,,,,,,,,,,,,,,,,,,,,,,,,,,,,,,,,,,,,,,,,,,,,,,,,,,,,,,531.6666666666666,538.0,91.0,3.0
1,11,1_11,112.0,,,,,,,,,,,,,,,,,,,,,,,,,,,,,,,,,,,,,,,,,,,,,,,,,,,,,,,,,577.0,577.0,61.86,2.0
11,1,1_11,112.0,,,,,,,,,,,,,,,,,,,,,,,,,,,,,,,,,,,,,,,,,,,,,,,,,,,,,,,,,577.0,577.0,91.0,2.0
1,11,1_11,113.0,,,,,,,,,,,,,,,,,,,,,,,,,,,,,,,,,,,,,,,,,,,,,,,,,,,,,,,,,198.66666666666666,195.0,66.74,3.0
11,1,1_11,113.0,,,,,,,,,,,,,,,,,,,,,,,,,,,,,,,,,,,,,,,,,,,,,,,,,,,,,,,,,198.66666666666666,195.0,91.0,3.0
1,11,1_11,114.0,,,,,,,,,,,,,,,,,,,,,,,,,,,,,,,,,,,,,,,,,,,,,,,,,,,,,,,,,141.0,141.0,69.54,2.0
11,1,1_11,114.0,,,,,,,,,,,,,,,,,,,,,,,,,,,,,,,,,,,,,,,,,,,,,,,,,,,,,,,,,141.0,141.0,91.0,2.0
1,11,1_11,115.0,,,,,,,,,,,,,,,,,,,,,,,,,,,,,,,,,,,,,,,,,,,,,,,,,,,,,,,,,797.0,797.0,69.0,1.0
11,1,1_11,115.0,,,,,,,,,,,,,,,,,,,,,,,,,,,,,,,,,,,,,,,,,,,,,,,,,,,,,,,,,797.0,797.0,91.0,1.0
1,11,1_11,116.0,,,,,,,,,,,,,,,,,,,,,,,,,,,,,,,,,,,,,,,,,,,,,,,,,,,,,,,,,617.0,617.0,61.82,2.0
11,1,1_11,116.0,,,,,,,,,,,,,,,,,,,,,,,,,,,,,,,,,,,,,,,,,,,,,,,,,,,,,,,,,617.0,617.0,91.0,2.0
1,11,1_11,117.0,,,,,,,,,,,,,,,,,,,,,,,,,,,,,,,,,,,,,,,,,,,,,,,,,,,,,,,,,16.0,16.0,34.1,1.0
11,1,1_11,117.0,,,,,,,,,,,,,,,,,,,,,,,,,,,,,,,,,,,,,,,,,,,,,,,,,,,,,,,,,16.0,16.0,91.0,1.0
1,11,1_11,118.0,,,,,,,,,,,,,,,,,,,,,,,,,,,,,,,,,,,,,,,,,,,,,,,,,,,,,,,,,,,35.0,0.0
11,1,1_11,118.0,,,,,,,,,,,,,,,,,,,,,,,,,,,,,,,,,,,,,,,,,,,,,,,,,,,,,,,,,,,91.0,0.0
1,11,1_11,119.0,,,,,,,,,,,,,,,,,,,,,,,,,,,,,,,,,,,,,,,,,,,,,,,,,,,,,,,,,380.5,380.5,35.0,2.0
11,1,1_11,119.0,,,,,,,,,,,,,,,,,,,,,,,,,,,,,,,,,,,,,,,,,,,,,,,,,,,,,,,,,380.5,380.5,91.0,2.0
